ID,Name,Address,Date,Gender,Blood_Group,Phone_Number,Random_Num
518622,Bill Moore,"5087 Steven Loop
East Samuel, MD 61390",2017-10-29 02:33:29,M,AB-,+1-428-619-3709,1151
295743,Jacqueline Harris,"75706 Alexander Point Suite 493
Gordonton, PA 68356",1999-07-25 22:30:12,M,AB+,452.202.6858x10487,1707
219587,Kristina Armstrong,"5888 Ebony Junction Suite 555
Piercehaven, KS 36881",1997-04-04 07:25:33,F,O-,(446)808-0654x696,1552
288510,Todd Howard,"559 Donald Mews Apt. 843
Shawnchester, AK 34816",2019-12-05 21:05:59,F,O-,001-215-350-1581,1873
387819,Charlotte Hayes,"93655 Kevin Park Suite 995
Booneburgh, ND 09487",2002-11-29 05:35:55,M,AB-,(216)870-8051x115,1792
501644,Kenneth Oneal,"973 Nicholas Oval Suite 263
Perezmouth, PR 10755",1971-01-24 19:36:20,M,AB-,528.964.2463,1617
221369,Nathaniel Calhoun,"7817 Bell Knolls
Dudleyview, NE 07957",2018-11-13 23:32:51,F,A-,001-526-390-1417x42988,1846
574819,Kimberly Oneill,"0638 Ibarra Harbors
Lake Mark, VI 10411",1997-10-17 09:53:42,M,A+,001-548-371-2127x0613,1273
639714,Dean Guzman,"287 Melissa Glens Suite 020
Ashleyburgh, ID 91299",2005-05-04 23:12:46,M,B+,(434)713-4629x325,1344
777560,Kimberly Torres,"348 Woods Road
Port Victorville, TX 74402",1996-04-06 23:58:44,F,B-,216-548-5753x806,1809
53266,Jeanette Smith,"943 Baxter Gardens
Huntershire, WY 94813",1989-11-07 17:07:12,F,O-,(974)641-1051,1075
493964,Crystal Thompson,"27287 Ashley Gateway
East Ritafort, OK 19804",2022-10-09 11:59:40,F,AB-,614-736-5627x2774,1858
557499,Ryan Swanson,"555 Combs Creek
East Aaronstad, MA 18549",2015-03-04 20:29:36,M,B-,951-489-5297x4529,1160
306707,Marilyn Todd,"4471 Rios Terrace
Port Robert, FL 97091",1996-03-25 09:12:16,F,B+,001-216-381-3242x422,1681
937547,Brenda Ellis,"5187 Thomas Path
New Luis, LA 41647",1986-05-22 15:50:41,M,AB-,217-721-7680x02527,1366
305418,Nicole Shields,"794 Rodgers Center
Jamesbury, ME 35392",1992-09-16 13:17:31,M,O+,(339)859-8779x381,1769
380985,William House,"2968 Emily Loop
South Patricia, LA 17014",2019-08-24 09:35:46,F,A-,372-708-1353x78321,1191
963629,Heather Rogers,"25538 Newton Walks
Houstonburgh, GA 37010",1984-07-29 10:56:52,F,O+,2872269215,1039
492567,Dillon Cooper,"81504 Mcconnell Bridge Suite 119
Jeremyville, OH 63527",1971-03-11 04:50:07,M,B-,653-744-7898x242,1334
747857,Julie Robinson,"085 Ryan Spring
Stevenmouth, WA 06163",2023-10-13 12:49:16,M,A+,+1-342-823-7653x611,1814
239425,Heather Luna,"Unit 6103 Box 3238
DPO AE 32614",1981-07-10 23:54:35,M,B+,+1-301-815-8243x6275,1158
4836,Anthony Pena,"USCGC Mccall
FPO AA 06481",2005-03-08 01:58:40,F,A+,948.389.1919x328,1018
737283,Luis Thomas,"44895 Thompson Stravenue Apt. 706
North Christopherhaven, FL 31981",1974-03-12 13:13:01,M,B-,(821)527-5407,1176
399142,Christian Bryant,"895 Schmidt Port
Gibsonshire, NE 65916",1994-03-07 21:22:17,F,B-,001-807-588-6644,1343
311873,Michelle Turner,"PSC 2378, Box 7187
APO AE 35112",1979-05-02 05:05:45,F,O-,+1-631-650-2647x381,1250
16762,Ashley Oconnor,"34375 Jackie Lock Suite 793
Lake Michaelmouth, SD 46535",2004-06-29 14:40:47,F,A-,7818549222,1573
672552,Elizabeth Miller,"PSC 4789, Box 2714
APO AE 99314",2020-07-21 02:31:13,F,O-,001-957-586-7556x84229,1758
30520,Rebecca Nelson,"85425 Myers River Apt. 651
South Leah, GU 93312",1996-12-08 09:34:39,M,O-,001-758-989-2303,1996
981776,Bethany Hernandez,"8954 Jason Radial Apt. 634
Scottburgh, MS 59096",2019-10-16 21:58:45,M,A-,578-665-3419,1997
733129,Daniel Simpson,"0634 Cheyenne Island Suite 942
Harrisstad, MH 32989",2010-02-27 19:18:02,M,B+,001-244-910-3859x5906,1739
903280,Peter Mcknight,"547 Kara Trail Suite 053
Lake Katherine, AS 13309",1973-05-03 01:14:30,M,A-,001-972-887-9881x75496,1864
820018,Donald Smith,"0318 Richard Mountains Apt. 985
East Taylor, ND 27331",2013-12-17 09:14:18,M,AB-,952-741-4866x3408,1091
694388,Heather Everett,"323 Susan Corners
New Richard, ME 41742",1997-12-07 10:00:09,F,AB-,865.937.3688x3191,1328
891065,Nicholas Johnson,"30160 Rodney Village Apt. 309
New Karenmouth, WY 75144",1993-08-05 14:54:22,F,O+,(682)456-2706,1302
830476,Pamela Dominguez,"632 Randall Station Suite 448
Millerchester, MI 10412",2008-02-29 08:51:24,F,B-,783.500.7293,1635
641976,Sherry Mccarthy,"7396 Kyle River
Katherineburgh, NJ 53155",2019-10-22 06:46:06,M,O-,573.445.4277x31133,1675
32234,Aaron Williams,"706 Stephen Ferry Suite 603
East Christinamouth, MD 50664",2019-10-02 02:32:46,F,O-,514-352-3837x49254,1988
762540,Eric Wright,"04864 Kari Forges Apt. 418
West Darylberg, FL 91966",2001-12-01 15:23:08,F,AB+,(947)532-9004x42317,1135
173903,Robin Montoya,"1047 David Parks Apt. 431
Craneburgh, LA 10819",2007-08-12 14:54:51,M,A-,575-766-5730x94208,1600
136424,Jasmine Hernandez,"880 Cooper Gateway
Reeseland, AR 68775",1970-08-02 02:50:52,F,AB+,202-734-0913x854,1476
412776,Ashley Knight,"319 Jason Spring Apt. 965
Port Jessica, OH 21843",1983-09-04 20:28:05,M,A+,001-537-391-6617x1404,1111
411706,Brian Gonzalez,"4102 Richard Avenue Apt. 466
South Richard, WY 33825",1970-12-18 04:27:57,F,AB-,+1-684-620-8954x661,1945
828576,Mrs. Sarah Martin,"PSC 6662, Box 7760
APO AP 53623",1976-02-19 04:32:29,F,B-,480-767-6852x801,1119
848851,Deborah Stevenson,"83420 Gregory Spurs
Christinaville, CO 79404",1998-06-09 16:28:53,M,O-,613-765-5816,1417
562403,Meghan Castro,"497 Clark Union
Lake Brandy, MA 16279",2012-10-06 16:44:21,F,AB+,001-643-226-9847,1445
140001,Stephen Martinez,"0905 Kent Trail Suite 451
Lake Terri, LA 45527",1987-06-14 03:47:39,F,B-,4248510549,1863
838458,Patricia Roberts,"8157 Nicole Gardens Apt. 993
Jessicamouth, ND 66531",1970-01-11 18:00:59,M,A-,633-526-2993x8282,1478
801467,Amy Olson,"030 Wendy Loaf
North Scotttown, NJ 97099",1986-09-14 18:10:02,F,B+,549-623-5762x21592,1929
139896,Kyle Hutchinson,"923 Liu Prairie Suite 911
Elizabethburgh, NC 40318",2016-10-04 07:48:21,M,O+,001-976-265-1434x8134,1645
101181,Andrew Costa,"9415 Walter Port Suite 904
Armstrongbury, GA 25148",1988-10-27 17:39:09,F,B-,001-697-686-6699x6232,1302
357662,Shawn Torres,"42841 Jeff Parkways
Port Linda, MN 24724",1997-02-01 03:53:13,F,A-,584-795-3906x8072,1355
141726,Tammy Young,"293 Cheryl Fort Suite 332
Lake Marissaview, NH 54907",1971-04-27 02:04:41,M,B+,638.907.4800x9183,1920
859796,James Sanchez,"09996 Hughes Hills
New Zachary, AL 26741",1999-03-30 18:44:02,M,AB+,+1-969-802-6734x757,1342
814896,Stephanie Clark,"11628 Andrew Cape
Lake Jerryhaven, WA 03217",1993-06-23 05:23:25,M,AB-,(556)234-7587x37693,1512
118248,Jason Morgan,"6267 Ray Mountains Suite 945
Lake Markborough, LA 04048",1996-12-08 18:12:47,F,O-,793.408.8579x868,1455
440749,Tanner Becker,"00662 Jones Coves
Port Thomas, WY 35620",1988-01-09 14:50:19,F,B-,+1-572-316-6269x352,1480
300587,Scott Dennis,"332 Sarah Neck
East Bryanfort, VA 07519",2022-12-02 19:01:09,M,AB-,001-572-352-2480x15757,1925
157777,Brian Clark,"93792 Lori Ridges Apt. 109
New Lauren, MS 89203",2009-09-29 22:02:59,M,O-,001-260-950-7673x42528,1135
241598,Reginald Castillo,"25435 Nicholson Mount
Dillonton, WI 90169",2000-10-12 11:56:07,M,O+,(318)999-0869x0824,1009
622727,Tanner Oneill,"074 Roberts Ferry Apt. 281
Coreyshire, TX 55898",1971-11-05 02:32:40,M,A-,923.291.8348x580,1777
825301,Kayla Hughes,"6389 Wendy Junctions
East Josephberg, WA 53311",1987-12-28 23:56:06,F,B-,752-731-9754x82036,1860
100759,Brenda Hamilton,"3568 Alex Gateway Apt. 672
East Michaelfort, MA 69365",2018-10-04 23:01:19,F,O+,001-685-742-7613,1418
249175,Lisa Gross,"269 Steven Island
Onealbury, CA 05094",1979-01-27 05:21:43,F,B+,639.522.9021,1041
207834,Richard Jones,"798 Dustin Crossing
Thompsonshire, PR 69769",1978-12-21 02:45:55,F,A-,629.622.0868x7514,1253
198747,Christine Reyes,"16982 Christopher Motorway
Kimberlyville, FM 55469",1991-06-02 22:54:01,F,B-,(574)968-5705x40402,1427
8549,Patrick Walker,"944 Henry Dam
North Patriciahaven, HI 02515",1994-02-11 04:09:27,M,AB+,(661)765-2309,1765
344922,Joshua Smith,"232 Graves Rest
North Caseymouth, MN 32343",2014-06-28 22:22:44,M,O-,(975)618-4258x336,1681
685470,Jose Hernandez,"54926 Gregory Green Suite 667
North Maryland, HI 11996",2007-07-11 17:44:17,F,A+,715.245.1328,1140
420300,Evan Brown,"438 Porter Skyway
West Charleshaven, MH 96739",1989-01-27 04:28:04,M,A-,+1-288-342-2771x48022,1679
893235,Jill Maynard,"USNV Moody
FPO AP 85189",2020-07-17 23:20:34,M,AB+,001-790-341-0497x32072,1067
97707,Colleen Jones,"48275 Contreras Mission Suite 628
North Ryan, OK 54728",1970-07-22 23:37:37,M,B+,(530)739-5680x00173,1878
262284,Marilyn Peters,"25713 Zachary Road
New Troyport, ID 42717",2008-06-01 07:32:48,F,B+,(669)804-1418,1860
384431,Michaela Graham,"9829 Donald Trail
Port Luis, WY 86544",1984-06-07 03:38:11,M,B+,8255419725,1302
750775,Mark Salazar,"USNV Brown
FPO AE 32748",2009-06-24 04:50:55,M,O+,6467298193,1219
601200,Tina Blake,"947 Lopez Well
Vincentland, TX 28199",1992-06-19 07:29:41,M,AB-,+1-599-964-2526x4995,1829
780038,Linda Ruiz,"54578 Shelby Park Suite 389
North Elizabeth, WI 68038",2011-03-11 01:43:54,M,B+,399-604-8621x629,1873
555140,Glenn Castro,"79762 Allen Springs Apt. 141
South Christopher, AL 81892",2009-06-27 22:02:36,M,O+,+1-927-748-1450x0462,1280
466232,Dennis Hutchinson,"USCGC Ortiz
FPO AA 33759",1988-12-20 10:19:11,M,A+,553-743-2026,1700
874907,Brenda Green,"674 Davidson Brooks Apt. 818
Ambermouth, AS 77032",2013-12-02 13:57:17,M,O-,493.997.8537x727,1027
6247,Scott Williams,"9436 Joshua Mountain Suite 728
North Jenniferstad, CA 59931",2006-04-01 11:10:26,M,O+,(485)830-3374x99693,1608
552944,Matthew Robinson,"842 Aaron Branch Suite 160
Port Trevorshire, RI 64131",1995-10-23 04:42:29,M,B+,+1-222-413-5790x8911,1544
647788,Raymond Valdez,"84226 Holmes Villages Suite 226
New Denise, NJ 73502",1995-10-12 16:07:59,M,A+,001-864-610-7538x14039,1557
134198,Suzanne Johnson,"590 Kevin Spurs Apt. 565
New Mark, MO 97409",1999-01-15 11:57:32,F,B-,(203)508-3661x28882,1002
715860,Brian Mccann,"PSC 3288, Box 5057
APO AE 17878",1972-05-25 00:29:29,M,O+,001-574-625-6628x010,1159
604782,Amanda Chambers,"6735 Carter Wall
Lake Alyssahaven, AS 73929",1996-05-22 13:57:14,F,AB-,520-656-8827x6962,1089
370063,Barbara Wade,"299 Diaz Forest Apt. 981
Williamston, FM 83386",1986-02-20 13:31:46,F,B+,001-223-368-5040x10894,1572
951494,Joel Zuniga,"1903 Gregory Rapids
Robertland, MA 61530",2001-07-12 17:05:01,M,A+,(366)309-7797x18199,1053
125424,Aaron Guerrero,"Unit 3168 Box 6015
DPO AE 70496",2021-12-17 10:14:39,F,A-,001-638-949-2911x90363,1261
323918,Christopher Gonzalez,"128 Lucas Parkways
Port Emilyberg, IA 99812",2008-08-20 21:02:50,M,A-,972.765.1620,1821
109974,Brian Miller,"637 Courtney Mall Suite 627
Lisaville, WV 31765",1986-04-27 03:10:48,F,A-,288-817-6458x290,1945
156827,Colleen Burgess,"3612 David Springs
Scottstad, NC 11451",1977-03-18 01:44:03,F,A+,876.833.8450x448,1175
681732,Angela York,"042 Schneider Gardens Apt. 169
South Dawn, ME 99846",1998-07-18 18:54:57,M,A-,+1-504-971-1612,1648
705638,Kristen Richardson,"USS Lamb
FPO AE 58355",2002-03-18 18:22:33,F,AB+,+1-700-852-0681x366,1130
416769,Heather Diaz,"5562 Kara Isle
Jeffreyborough, UT 82937",2023-04-27 13:57:32,M,O-,001-237-739-2416x3960,1031
675001,Nicholas Hammond,"4737 Jones Pass
North Shawnfurt, MT 98533",2001-11-04 02:58:38,F,O+,001-829-887-9493x3687,1877
594369,Teresa Martinez,"141 Donald Oval
South Raymond, AK 90838",1998-11-06 03:25:31,F,O-,616-324-2788x258,1827
17745,Scott Anderson,"USS Miller
FPO AA 30889",2012-03-30 09:53:47,M,A-,001-695-451-5026x16403,1669
324854,Matthew Stein,"728 Jeremy Flat
Leeside, ND 98797",2009-10-27 17:52:43,F,B+,363.435.5346x205,1357
798521,Erica Porter,"84406 Brian Spring
Port Robertport, IN 13277",1974-03-09 21:46:58,F,AB+,+1-528-830-2104x9043,1432
376449,Richard Moore,"7332 John Plains Apt. 959
New Jessefort, HI 05050",2022-03-08 20:19:59,M,A+,(287)454-0066x8628,1969
